window_start,window_end,window_seq,beta_propensity_raw,hydrophobicity_raw,charge_penalty_raw,aromatic_bonus_raw,zipper_compatibility_raw,beta_propensity_norm,hydrophobicity_norm,charge_penalty_norm,aromatic_bonus_norm,zipper_compatibility_norm,combined_score,rank
1,6,MAEPRQ,0.805,-1.5667,0.6667,0.0,0.0,0.325,0.3194,0.6,0.0,0.0,0.2715,331
2,7,AEPRQE,0.6917,-2.4667,0.5,0.0,0.0,0.1934,0.1452,0.4,0.0,0.0,0.1226,425
3,8,EPRQEF,0.7833,-2.3,0.5,0.1667,0.0,0.2998,0.1774,0.4,1.0,0.0,0.2921,307
4,9,PRQEFE,0.7833,-2.3,0.5,0.1667,0.0,0.2998,0.1774,0.4,1.0,0.0,0.2921,308
5,10,RQEFEV,0.975,-1.3333,0.5,0.1667,0.0,0.5222,0.3645,0.4,1.0,0.0,0.4295,164
6,11,QEFEVM,0.995,-0.2667,0.6667,0.1667,0.0,0.5455,0.571,0.6,1.0,0.0,0.5489,46
7,12,EFEVME,0.8733,-0.2667,0.5,0.1667,0.0,0.4043,0.571,0.4,1.0,0.0,0.4492,139
8,13,FEVMED,0.9017,-0.2667,0.5,0.1667,0.1429,0.4371,0.571,0.4,1.0,0.1429,0.4871,102
9,14,EVMEDH,0.8167,-1.2667,0.3333,0.0,0.0,0.3385,0.3774,0.2,0.0,0.0,0.1972,390
10,15,VMEDHA,0.8933,-0.3833,0.5,0.0,0.0,0.4275,0.5484,0.4,0.0,0.0,0.3297,261
11,16,MEDHAG,0.735,-1.15,0.5,0.0,0.0,0.2437,0.4,0.4,0.0,0.0,0.218,375
12,17,EDHAGT,0.7583,-1.5833,0.5,0.0,0.0,0.2708,0.3161,0.4,0.0,0.0,0.2025,386
13,18,DHAGTY,0.9417,-1.2167,0.6667,0.1667,0.0,0.4836,0.3871,0.6,1.0,0.0,0.4707,117
14,19,HAGTYG,0.9767,-0.7,0.8333,0.1667,0.0,0.5242,0.4871,0.8,1.0,0.0,0.5642,43
15,20,AGTYGL,1.0483,0.4667,1.0,0.1667,0.0,0.6074,0.7129,1.0,1.0,0.0,0.7112,10
16,21,GTYGLG,1.035,0.1,1.0,0.1667,0.0,0.5919,0.6419,1.0,1.0,0.0,0.6841,13
17,22,TYGLGD,1.0,-0.4167,0.8333,0.1667,0.0,0.5513,0.5419,0.8,1.0,0.0,0.5906,31
18,23,YGLGDR,0.9567,-1.05,0.6667,0.1667,0.0,0.501,0.4194,0.6,1.0,0.0,0.4868,103
19,24,GLGDRK,0.835,-1.4833,0.5,0.0,0.0,0.3598,0.3355,0.4,0.0,0.0,0.2406,358
20,25,LGDRKD,0.8,-2.0,0.3333,0.0,0.0,0.3191,0.2355,0.2,0.0,0.0,0.1472,414
21,26,GDRKDQ,0.7667,-3.2167,0.3333,0.0,0.0,0.2805,0.0,0.2,0.0,0.0,0.0618,432
22,27,DRKDQG,0.7667,-3.2167,0.3333,0.0,0.0,0.2805,0.0,0.2,0.0,0.0,0.0618,433
23,28,RKDQGG,0.8017,-2.7,0.5,0.0,0.0,0.3211,0.1,0.4,0.0,0.0,0.1553,411
24,29,KDQGGY,0.8917,-2.1667,0.6667,0.1667,0.0,0.4255,0.2032,0.6,1.0,0.0,0.394,199
25,30,DQGGYT,0.9667,-1.6333,0.8333,0.1667,0.0345,0.5126,0.3065,0.8,1.0,0.0345,0.5116,79
26,31,QGGYTM,1.0517,-0.7333,1.0,0.1667,0.0,0.6112,0.4806,1.0,1.0,0.0,0.6423,19
27,32,GGYTMH,1.0133,-0.6833,0.8333,0.1667,0.0,0.5667,0.4903,0.8,1.0,0.0,0.5806,34
28,33,GYTMHQ,1.0717,-1.2,0.8333,0.1667,0.0,0.6344,0.3903,0.8,1.0,0.0,0.575,38
29,34,YTMHQD,1.0367,-1.7167,0.6667,0.1667,0.0,0.5938,0.2903,0.6,1.0,0.0,0.4815,109
30,35,TMHQDQ,0.975,-2.0833,0.6667,0.0,0.0,0.5222,0.2194,0.6,0.0,0.0,0.3129,281
31,36,MHQDQE,0.8383,-2.55,0.5,0.0,0.0,0.3636,0.129,0.4,0.0,0.0,0.1795,396
32,37,HQDQEG,0.7883,-2.9333,0.5,0.0,0.0,0.3056,0.0548,0.4,0.0,0.0,0.136,420
33,38,QDQEGD,0.7333,-2.9833,0.5,0.0,0.0,0.2418,0.0452,0.4,0.0,0.0,0.1099,426
34,39,DQEGDT,0.7483,-2.5167,0.5,0.0,0.0,0.2592,0.1355,0.4,0.0,0.0,0.1436,417
35,40,QEGDTD,0.7483,-2.5167,0.5,0.0,0.0,0.2592,0.1355,0.4,0.0,0.0,0.1436,418
36,41,EGDTDA,0.7033,-1.6333,0.5,0.0,0.0,0.207,0.3065,0.4,0.0,0.0,0.1763,398
37,42,GDTDAG,0.7667,-1.1167,0.6667,0.0,0.0,0.2805,0.4065,0.6,0.0,0.0,0.2817,322
38,43,DTDAGL,0.8583,-0.4167,0.6667,0.0,0.0,0.3868,0.5419,0.6,0.0,0.0,0.3614,230
39,44,TDAGLK,0.8917,-0.4833,0.6667,0.0,0.0,0.4255,0.529,0.6,0.0,0.0,0.3716,223
40,45,DAGLKE,0.755,-0.95,0.5,0.0,0.0,0.2669,0.4387,0.4,0.0,0.0,0.2382,360
41,46,AGLKES,0.79,-0.5,0.6667,0.0,0.0,0.3075,0.5258,0.6,0.0,0.0,0.3277,263
42,47,GLKESP,0.7433,-1.0667,0.6667,0.0,0.0,0.2534,0.4161,0.6,0.0,0.0,0.2748,327
43,48,LKESPL,0.835,-0.3667,0.6667,0.0,0.0,0.3598,0.5516,0.6,0.0,0.0,0.3545,236
44,49,KESPLQ,0.8017,-1.5833,0.6667,0.0,0.0,0.3211,0.3161,0.6,0.0,0.0,0.2692,333
45,50,ESPLQT,0.8767,-1.05,0.8333,0.0,0.0,0.4081,0.4194,0.8,0.0,0.0,0.3805,216
46,51,SPLQTP,0.9067,-0.7333,1.0,0.0,0.0,0.4429,0.4806,1.0,0.0,0.0,0.4601,128
47,52,PLQTPT,0.98,-0.7167,1.0,0.0,0.0,0.528,0.4839,1.0,0.0,0.0,0.492,99
48,53,LQTPTE,0.95,-1.0333,0.8333,0.0,0.1071,0.4932,0.4226,0.8,0.0,0.1071,0.4318,161
49,54,QTPTED,0.8233,-2.25,0.6667,0.0,0.0,0.3462,0.1871,0.6,0.0,0.0,0.2392,359
50,55,TPTEDG,0.765,-1.7333,0.6667,0.0,0.0,0.2785,0.2871,0.6,0.0,0.0,0.2449,354
51,56,PTEDGS,0.6917,-1.75,0.6667,0.0,0.0,0.1934,0.2839,0.6,0.0,0.0,0.213,379
52,57,TEDGSE,0.6617,-2.0667,0.5,0.0,0.0,0.1586,0.2226,0.4,0.0,0.0,0.1334,421
53,58,EDGSEE,0.525,-2.5333,0.3333,0.0,0.0,0.0,0.1323,0.2,0.0,0.0,0.0,436
54,59,DGSEEP,0.555,-2.2167,0.5,0.0,0.0,0.0348,0.1935,0.4,0.0,0.0,0.0796,429
55,60,GSEEPG,0.59,-1.7,0.6667,0.0,0.0,0.0754,0.2935,0.6,0.0,0.0,0.1731,402
56,61,SEEPGS,0.59,-1.7667,0.6667,0.0,0.0,0.0754,0.2806,0.6,0.0,0.0,0.1692,407
57,62,EEPGSE,0.5267,-2.2167,0.5,0.0,0.0,0.0019,0.1935,0.4,0.0,0.0,0.0677,431
58,63,EPGSET,0.6633,-1.75,0.6667,0.0,0.0,0.1605,0.2839,0.6,0.0,0.0,0.2011,389
59,64,PGSETS,0.7267,-1.3,0.8333,0.0,0.0,0.234,0.371,0.8,0.0,0.0,0.3026,295
60,65,GSETSD,0.725,-1.6167,0.6667,0.0,0.0,0.2321,0.3097,0.6,0.0,0.0,0.2349,366
61,66,SETSDA,0.7383,-1.25,0.6667,0.0,0.0,0.2476,0.3806,0.6,0.0,0.0,0.262,338
62,67,ETSDAK,0.7367,-1.7667,0.5,0.0,0.0,0.2456,0.2806,0.4,0.0,0.0,0.1826,393
63,68,TSDAKS,0.8,-1.3167,0.6667,0.0,0.0,0.3191,0.3677,0.6,0.0,0.0,0.2841,317
64,69,SDAKST,0.8,-1.3167,0.6667,0.0,0.0,0.3191,0.3677,0.6,0.0,0.0,0.2841,318
65,70,DAKSTP,0.7667,-1.45,0.6667,0.0,0.0,0.2805,0.3419,0.6,0.0,0.0,0.2622,337
66,71,AKSTPT,0.875,-0.9833,0.8333,0.0,0.0,0.4062,0.4323,0.8,0.0,0.0,0.3837,213
67,72,KSTPTA,0.875,-0.9833,0.8333,0.0,0.0,0.4062,0.4323,0.8,0.0,0.0,0.3837,214
68,73,STPTAE,0.8133,-0.9167,0.8333,0.0,0.0,0.3346,0.4452,0.8,0.0,0.0,0.3616,229
69,74,TPTAED,0.7783,-1.3667,0.6667,0.0,0.0,0.294,0.3581,0.6,0.0,0.0,0.272,329
70,75,PTAEDV,0.8633,-0.55,0.6667,0.0,0.0,0.3926,0.5161,0.6,0.0,0.0,0.3557,234
71,76,TAEDVT,0.97,-0.4,0.6667,0.0,0.0,0.5164,0.5452,0.6,0.0,0.0,0.4095,182
72,77,AEDVTA,0.91,0.0167,0.6667,0.0,0.0357,0.4468,0.6258,0.6,0.0,0.0357,0.4151,176
73,78,EDVTAP,0.8633,-0.55,0.6667,0.0,0.0,0.3926,0.5161,0.6,0.0,0.0,0.3557,235
74,79,DVTAPL,1.0183,0.6667,0.8333,0.0,0.0,0.5725,0.7516,0.8,0.0,0.0,0.5408,55
75,80,VTAPLV,1.2117,1.95,1.0,0.0,0.0,0.7969,1.0,1.0,0.0,0.0,0.7459,7
76,81,TAPLVD,1.0183,0.6667,0.8333,0.0,0.0,0.5725,0.7516,0.8,0.0,0.0,0.5408,56
77,82,APLVDE,0.8817,0.2,0.6667,0.0,0.2143,0.4139,0.6613,0.6,0.0,0.2143,0.4463,141
78,83,PLVDEG,0.8683,-0.1667,0.6667,0.0,0.0,0.3985,0.5903,0.6,0.0,0.0,0.3803,217
79,84,LVDEGA,0.915,0.4,0.6667,0.0,0.0,0.4526,0.7,0.6,0.0,0.0,0.4331,158
80,85,VDEGAP,0.79,-0.5,0.6667,0.0,0.0,0.3075,0.5258,0.6,0.0,0.0,0.3277,264
81,86,DEGAPG,0.6317,-1.2667,0.6667,0.0,0.0,0.1238,0.3774,0.6,0.0,0.0,0.216,378
82,87,EGAPGK,0.665,-1.3333,0.6667,0.0,0.0,0.1625,0.3645,0.6,0.0,0.0,0.2262,372
83,88,GAPGKQ,0.7867,-1.3333,0.8333,0.0,0.0,0.3037,0.3645,0.8,0.0,0.0,0.3259,265
84,89,APGKQA,0.8,-0.9667,0.8333,0.0,0.0,0.3191,0.4355,0.8,0.0,0.0,0.353,239
85,90,PGKQAA,0.8,-0.9667,0.8333,0.0,0.0,0.3191,0.4355,0.8,0.0,0.0,0.353,240
86,91,GKQAAA,0.8467,-0.4,0.8333,0.0,0.0,0.3733,0.5452,0.8,0.0,0.0,0.4059,185
87,92,KQAAAQ,0.905,-0.9167,0.8333,0.0,0.0345,0.441,0.4452,0.8,0.0,0.0345,0.4065,184
88,93,QAAAQP,0.8733,-0.5333,1.0,0.0,0.0,0.4043,0.5194,1.0,0.0,0.0,0.4578,131
89,94,AAAQPH,0.835,-0.4833,0.8333,0.0,0.0,0.3598,0.529,0.8,0.0,0.0,0.3961,195
90,95,AAQPHT,0.895,-0.9,0.8333,0.0,0.0,0.4294,0.4484,0.8,0.0,0.0,0.397,194
91,96,AQPHTE,0.8183,-1.7833,0.6667,0.0,0.0,0.3404,0.2774,0.6,0.0,0.0,0.2645,335
92,97,QPHTEI,0.9467,-1.3333,0.6667,0.0,0.0,0.4894,0.3645,0.6,0.0,0.0,0.3449,253
93,98,PHTEIP,0.855,-1.0167,0.6667,0.0,0.0,0.383,0.4258,0.6,0.0,0.0,0.3248,267
94,99,HTEIPE,0.825,-1.3333,0.5,0.0,0.0,0.3482,0.3645,0.4,0.0,0.0,0.2452,352
95,100,TEIPEG,0.805,-0.8667,0.6667,0.0,0.0357,0.325,0.4548,0.6,0.0,0.0357,0.319,274
96,101,EIPEGT,0.805,-0.8667,0.6667,0.0,0.0,0.325,0.4548,0.6,0.0,0.0,0.3126,283
97,102,IPEGTT,0.9417,-0.4,0.8333,0.0,0.0,0.4836,0.5452,0.8,0.0,0.0,0.4459,142
98,103,PEGTTA,0.8133,-0.85,0.8333,0.0,0.0,0.3346,0.4581,0.8,0.0,0.0,0.3655,226
99,104,EGTTAE,0.7833,-1.1667,0.6667,0.0,0.0,0.2998,0.3968,0.6,0.0,0.0,0.2858,314
100,105,GTTAEE,0.7833,-1.1667,0.6667,0.0,0.0,0.2998,0.3968,0.6,0.0,0.0,0.2858,315
101,106,TTAEEA,0.7967,-0.8,0.6667,0.0,0.0,0.3153,0.4677,0.6,0.0,0.0,0.3129,282
102,107,TAEEAG,0.7233,-0.75,0.6667,0.0,0.0,0.2302,0.4774,0.6,0.0,0.0,0.285,316
103,108,AEEAGI,0.7917,0.1167,0.6667,0.0,0.0,0.3095,0.6452,0.6,0.0,0.0,0.3645,227
104,109,EEAGIG,0.7783,-0.25,0.6667,0.0,0.0,0.294,0.5742,0.6,0.0,0.0,0.3374,256
105,110,EAGIGD,0.8067,-0.25,0.6667,0.0,0.0,0.3269,0.5742,0.6,0.0,0.0,0.3494,247
106,111,AGIGDT,0.9433,0.2167,0.8333,0.0,0.0,0.4855,0.6645,0.8,0.0,0.0,0.4828,108
107,112,GIGDTP,0.8967,-0.35,0.8333,0.0,0.0,0.4313,0.5548,0.8,0.0,0.0,0.4299,163
108,113,IGDTPS,0.8967,-0.4167,0.8333,0.0,0.0,0.4313,0.5419,0.8,0.0,0.0,0.426,169
109,114,GDTPSL,0.8467,-0.5333,0.8333,0.0,0.0,0.3733,0.5194,0.8,0.0,0.0,0.3981,192
110,115,DTPSLE,0.7833,-1.05,0.6667,0.0,0.0,0.2998,0.4194,0.6,0.0,0.0,0.2927,304
111,116,TPSLED,0.7833,-1.05,0.6667,0.0,0.0,0.2998,0.4194,0.6,0.0,0.0,0.2927,305
112,117,PSLEDE,0.6467,-1.5167,0.5,0.0,0.0,0.1412,0.329,0.4,0.0,0.0,0.1593,410
113,118,SLEDEA,0.6933,-0.95,0.5,0.0,0.0,0.1954,0.4387,0.4,0.0,0.0,0.2122,380
114,119,LEDEAA,0.7067,-0.5167,0.5,0.0,0.0,0.2108,0.5226,0.4,0.0,0.0,0.2432,356
115,120,EDEAAG,0.615,-1.2167,0.5,0.0,0.0,0.1044,0.3871,0.4,0.0,0.0,0.1635,409
116,121,DEAAGH,0.6983,-1.1667,0.5,0.0,0.0,0.2012,0.3968,0.4,0.0,0.0,0.2016,388
117,122,EAAGHV,0.8917,0.1167,0.6667,0.0,0.0,0.4255,0.6452,0.6,0.0,0.0,0.4067,183
118,123,AAGHVT,1.0283,0.5833,0.8333,0.0,0.0,0.5841,0.7355,0.8,0.0,0.0,0.5401,57
119,124,AGHVTQ,1.0733,-0.3,0.8333,0.0,0.0,0.6364,0.5645,0.8,0.0,0.0,0.5073,86
120,125,GHVTQA,1.0733,-0.3,0.8333,0.0,0.0,0.6364,0.5645,0.8,0.0,0.0,0.5073,87
121,126,HVTQAR,1.1033,-0.9833,0.6667,0.0,0.0,0.6712,0.4323,0.6,0.0,0.0,0.4315,162
122,127,VTQARM,1.1333,-0.1333,0.8333,0.0,0.0,0.706,0.5968,0.8,0.0,0.0,0.5424,53
123,128,TQARMV,1.1333,-0.1333,0.8333,0.0,0.0,0.706,0.5968,0.8,0.0,0.0,0.5424,54
124,129,QARMVS,1.06,-0.15,0.8333,0.0,0.0,0.6209,0.5935,0.8,0.0,0.0,0.5105,82
125,130,ARMVSK,1.0,-0.2167,0.6667,0.0,0.3929,0.5513,0.5806,0.6,0.0,0.3929,0.5042,89
126,131,RMVSKS,0.9867,-0.65,0.6667,0.0,0.0,0.5358,0.4968,0.6,0.0,0.0,0.4018,189
127,132,MVSKSK,0.955,-0.55,0.6667,0.0,0.0,0.499,0.5161,0.6,0.0,0.0,0.3943,196
128,133,VSKSKD,0.87,-1.45,0.5,0.0,0.0,0.4004,0.3419,0.4,0.0,0.0,0.2573,341
129,134,SKSKDG,0.7117,-2.2167,0.5,0.0,0.0,0.2166,0.1935,0.4,0.0,0.0,0.1457,415
130,135,KSKDGT,0.785,-2.2,0.5,0.0,0.0,0.3017,0.1968,0.4,0.0,0.0,0.1776,397
131,136,SKDGTG,0.7867,-1.6167,0.6667,0.0,0.0,0.3037,0.3097,0.6,0.0,0.0,0.2609,339
132,137,KDGTGS,0.7867,-1.6167,0.6667,0.0,0.0,0.3037,0.3097,0.6,0.0,0.0,0.2609,340
133,138,DGTGSD,0.7533,-1.55,0.6667,0.0,0.0,0.265,0.3226,0.6,0.0,0.0,0.2507,347
134,139,GTGSDD,0.7533,-1.55,0.6667,0.0,0.0,0.265,0.3226,0.6,0.0,0.0,0.2507,348
135,140,TGSDDK,0.7517,-2.1333,0.5,0.0,0.0,0.2631,0.2097,0.4,0.0,0.0,0.1674,408
136,141,GSDDKK,0.6767,-2.6667,0.3333,0.0,0.0,0.176,0.1065,0.2,0.0,0.0,0.0561,434
137,142,SDDKKA,0.69,-2.3,0.3333,0.0,0.0,0.1915,0.1774,0.2,0.0,0.0,0.0832,428
138,143,DDKKAK,0.6883,-2.8167,0.1667,0.0,0.0,0.1896,0.0774,0.0,0.0,0.0,0.0038,435
139,144,DKKAKG,0.7233,-2.3,0.3333,0.0,0.0,0.2302,0.1774,0.2,0.0,0.0,0.0973,427
140,145,KKAKGA,0.7717,-1.4167,0.5,0.0,0.0,0.2863,0.3484,0.4,0.0,0.0,0.2178,376
141,146,KAKGAD,0.7383,-1.35,0.5,0.0,0.0,0.2476,0.3613,0.4,0.0,0.0,0.2077,385
142,147,AKGADG,0.74,-0.7667,0.6667,0.0,0.0,0.2495,0.4742,0.6,0.0,0.0,0.291,310
143,148,KGADGK,0.725,-1.7167,0.5,0.0,0.0,0.2321,0.2903,0.4,0.0,0.0,0.1806,395
144,149,GADGKT,0.8,-1.1833,0.6667,0.0,0.0,0.3191,0.3935,0.6,0.0,0.0,0.2919,309
145,150,ADGKTK,0.7983,-1.7667,0.5,0.0,0.0,0.3172,0.2806,0.4,0.0,0.0,0.2086,384
146,151,DGKTKI,0.9267,-1.3167,0.5,0.0,0.0,0.4662,0.3677,0.4,0.0,0.0,0.289,312
147,152,GKTKIA,0.975,-0.4333,0.6667,0.0,0.0,0.5222,0.5387,0.6,0.0,0.0,0.4096,181
148,153,KTKIAT,1.0483,-0.4833,0.6667,0.0,0.0,0.6074,0.529,0.6,0.0,0.0,0.4376,154
149,154,TKIATP,1.0167,-0.1,0.8333,0.0,0.1071,0.5706,0.6032,0.8,0.0,0.1071,0.5146,76
150,155,KIATPR,0.9733,-0.7333,0.6667,0.0,0.0,0.5203,0.4806,0.6,0.0,0.0,0.3913,203
151,156,IATPRG,0.975,-0.15,0.8333,0.0,0.0,0.5222,0.5935,0.8,0.0,0.0,0.4746,113
152,157,ATPRGA,0.8467,-0.6,0.8333,0.0,0.0,0.3733,0.5065,0.8,0.0,0.0,0.3942,197
153,158,TPRGAA,0.8467,-0.6,0.8333,0.0,0.0,0.3733,0.5065,0.8,0.0,0.0,0.3942,198
154,159,PRGAAP,0.74,-0.75,0.8333,0.0,0.0,0.2495,0.4774,0.8,0.0,0.0,0.3404,254
155,160,RGAAPP,0.74,-0.75,0.8333,0.0,0.0,0.2495,0.4774,0.8,0.0,0.0,0.3404,255
156,161,GAAPPG,0.71,-0.0667,1.0,0.0,0.0,0.2147,0.6097,1.0,0.0,0.0,0.4162,174
157,162,AAPPGQ,0.7683,-0.5833,1.0,0.0,0.0,0.2824,0.5097,1.0,0.0,0.0,0.4106,179
158,163,APPGQK,0.7533,-1.5333,0.8333,0.0,0.0,0.265,0.3258,0.8,0.0,0.0,0.3001,296
159,164,PPGQKG,0.74,-1.9,0.8333,0.0,0.0,0.2495,0.2548,0.8,0.0,0.0,0.273,328
160,165,PGQKGQ,0.8317,-2.2167,0.8333,0.0,0.0,0.3559,0.1935,0.8,0.0,0.0,0.2931,302
161,166,GQKGQA,0.8783,-1.65,0.8333,0.0,0.0,0.4101,0.3032,0.8,0.0,0.0,0.346,251
162,167,QKGQAN,0.9017,-2.1667,0.8333,0.0,0.0,0.4371,0.2032,0.8,0.0,0.0,0.3256,266
163,168,KGQANA,0.8567,-1.2833,0.8333,0.0,0.0,0.3849,0.3742,0.8,0.0,0.0,0.3584,232
164,169,GQANAT,0.9317,-0.75,1.0,0.0,0.0,0.472,0.4774,1.0,0.0,0.0,0.4697,118
165,170,QANATR,0.9617,-1.4333,0.8333,0.0,0.0,0.5068,0.3452,0.8,0.0,0.0,0.3938,200
166,171,ANATRI,1.045,-0.1,0.8333,0.0,0.0,0.6035,0.6032,0.8,0.0,0.0,0.5071,88
167,172,NATRIP,0.9983,-0.6667,0.8333,0.0,0.0,0.5493,0.4935,0.8,0.0,0.0,0.4542,134
168,173,ATRIPA,0.9883,0.2167,0.8333,0.0,0.0,0.5377,0.6645,0.8,0.0,0.0,0.5017,91
169,174,TRIPAK,0.9733,-0.7333,0.6667,0.0,0.2069,0.5203,0.4806,0.6,0.0,0.2069,0.4289,166
170,175,RIPAKT,0.9733,-0.7333,0.6667,0.0,0.0,0.5203,0.4806,0.6,0.0,0.0,0.3913,204
171,176,IPAKTP,0.91,-0.25,0.8333,0.0,0.0,0.4468,0.5742,0.8,0.0,0.0,0.4414,148
172,177,PAKTPP,0.735,-1.2667,0.8333,0.0,0.0,0.2437,0.3774,0.8,0.0,0.0,0.308,289
173,178,AKTPPA,0.7817,-0.7,0.8333,0.0,0.0,0.2979,0.4871,0.8,0.0,0.0,0.3609,231
174,179,KTPPAP,0.735,-1.2667,0.8333,0.0,0.0,0.2437,0.3774,0.8,0.0,0.0,0.308,290
175,180,TPPAPK,0.735,-1.2667,0.8333,0.0,0.0,0.2437,0.3774,0.8,0.0,0.0,0.308,291
176,181,PPAPKT,0.735,-1.2667,0.8333,0.0,0.0,0.2437,0.3774,0.8,0.0,0.0,0.308,292
177,182,PAPKTP,0.735,-1.2667,0.8333,0.0,0.0,0.2437,0.3774,0.8,0.0,0.0,0.308,293
178,183,APKTPP,0.735,-1.2667,0.8333,0.0,0.0,0.2437,0.3774,0.8,0.0,0.0,0.308,294
179,184,PKTPPS,0.7217,-1.7,0.8333,0.0,0.0,0.2282,0.2935,0.8,0.0,0.0,0.277,324
180,185,KTPPSS,0.755,-1.5667,0.8333,0.0,0.0,0.2669,0.3194,0.8,0.0,0.0,0.2989,298
181,186,TPPSSG,0.7567,-0.9833,1.0,0.0,0.0,0.2689,0.4323,1.0,0.0,0.0,0.3822,215
182,187,PPSSGE,0.62,-1.45,0.8333,0.0,0.0,0.1103,0.3419,0.8,0.0,0.0,0.2488,349
183,188,PSSGEP,0.62,-1.45,0.8333,0.0,0.0,0.1103,0.3419,0.8,0.0,0.0,0.2488,350
184,189,SSGEPP,0.62,-1.45,0.8333,0.0,0.0,0.1103,0.3419,0.8,0.0,0.0,0.2488,351
185,190,SGEPPK,0.6183,-1.9667,0.6667,0.0,0.0,0.1083,0.2419,0.6,0.0,0.0,0.1694,404
186,191,GEPPKS,0.6183,-1.9667,0.6667,0.0,0.0,0.1083,0.2419,0.6,0.0,0.0,0.1694,405
187,192,EPPKSG,0.6183,-1.9667,0.6667,0.0,0.0,0.1083,0.2419,0.6,0.0,0.0,0.1694,406
188,193,PPKSGD,0.6467,-1.9667,0.6667,0.0,0.0,0.1412,0.2419,0.6,0.0,0.0,0.1814,394
189,194,PKSGDR,0.71,-2.45,0.5,0.0,0.0,0.2147,0.1484,0.4,0.0,0.0,0.1313,422
190,195,KSGDRS,0.7433,-2.3167,0.5,0.0,0.0,0.2534,0.1742,0.4,0.0,0.0,0.1532,412
191,196,SGDRSG,0.745,-1.7333,0.6667,0.0,0.0,0.2553,0.2871,0.6,0.0,0.0,0.2365,364
192,197,GDRSGY,0.865,-1.8167,0.6667,0.1667,0.0,0.3946,0.271,0.6,1.0,0.0,0.4033,188
193,198,DRSGYS,0.865,-1.8833,0.6667,0.1667,0.0,0.3946,0.2581,0.6,1.0,0.0,0.3994,190
194,199,RSGYSS,0.9,-1.4333,0.8333,0.1667,0.0,0.4352,0.3452,0.8,1.0,0.0,0.4889,100
195,200,SGYSSP,0.8367,-0.95,1.0,0.1667,0.0,0.3617,0.4387,1.0,1.0,0.0,0.539,58
196,201,GYSSPG,0.8367,-0.8833,1.0,0.1667,0.0,0.3617,0.4516,1.0,1.0,0.0,0.5429,52
197,202,YSSPGS,0.8367,-0.95,1.0,0.1667,0.0,0.3617,0.4387,1.0,1.0,0.0,0.539,59
198,203,SSPGSP,0.6833,-1.0,1.0,0.0,0.0,0.1838,0.429,1.0,0.0,0.0,0.3503,245
199,204,SPGSPG,0.6833,-0.9333,1.0,0.0,0.0,0.1838,0.4419,1.0,0.0,0.0,0.3542,237
200,205,PGSPGT,0.7567,-0.9167,1.0,0.0,0.0,0.2689,0.4452,1.0,0.0,0.0,0.3861,209
201,206,GSPGTP,0.7567,-0.9167,1.0,0.0,0.0,0.2689,0.4452,1.0,0.0,0.0,0.3861,210
202,207,SPGTPG,0.7567,-0.9167,1.0,0.0,0.0,0.2689,0.4452,1.0,0.0,0.0,0.3861,211
203,208,PGTPGS,0.7567,-0.9167,1.0,0.0,0.0,0.2689,0.4452,1.0,0.0,0.0,0.3861,212
204,209,GTPGSR,0.82,-1.4,0.8333,0.0,0.0,0.3424,0.3516,0.8,0.0,0.0,0.3361,258
205,210,TPGSRS,0.82,-1.4667,0.8333,0.0,0.0,0.3424,0.3387,0.8,0.0,0.0,0.3322,260
206,211,PGSRSR,0.7767,-2.1,0.6667,0.0,0.0,0.2921,0.2161,0.6,0.0,0.0,0.2284,369
207,212,GSRSRT,0.8833,-1.95,0.6667,0.0,0.0,0.4159,0.2452,0.6,0.0,0.0,0.2821,320
208,213,SRSRTP,0.85,-2.15,0.6667,0.0,0.0,0.3772,0.2065,0.6,0.0,0.0,0.2563,344
209,214,RSRTPS,0.85,-2.15,0.6667,0.0,0.0,0.3772,0.2065,0.6,0.0,0.0,0.2563,345
210,215,SRTPSL,0.9117,-0.7667,0.8333,0.0,0.0,0.4487,0.4742,0.8,0.0,0.0,0.4118,178
211,216,RTPSLP,0.8783,-0.9,0.8333,0.0,0.0,0.4101,0.4484,0.8,0.0,0.0,0.39,206
212,217,TPSLPT,0.9217,-0.2667,1.0,0.0,0.0,0.4603,0.571,1.0,0.0,0.0,0.4938,97
213,218,PSLPTP,0.815,-0.4167,1.0,0.0,0.0,0.3366,0.5419,1.0,0.0,0.0,0.44,150
214,219,SLPTPP,0.815,-0.4167,1.0,0.0,0.0,0.3366,0.5419,1.0,0.0,0.0,0.44,151
215,220,LPTPPT,0.8883,-0.4,1.0,0.0,0.0,0.4217,0.5452,1.0,0.0,0.0,0.4719,114
216,221,PTPPTR,0.8267,-1.7833,0.8333,0.0,0.0,0.3501,0.2774,0.8,0.0,0.0,0.3164,276
217,222,TPPTRE,0.7967,-2.1,0.6667,0.0,0.0,0.3153,0.2161,0.6,0.0,0.0,0.2368,362
218,223,PPTREP,0.69,-2.25,0.6667,0.0,0.0,0.1915,0.1871,0.6,0.0,0.0,0.183,391
219,224,PTREPK,0.7217,-2.6333,0.5,0.0,0.0,0.2282,0.1129,0.4,0.0,0.0,0.1255,423
220,225,TREPKK,0.7533,-3.0167,0.3333,0.0,0.0,0.265,0.0387,0.2,0.0,0.0,0.0679,430
221,226,REPKKV,0.8383,-2.2,0.3333,0.0,0.0,0.3636,0.1968,0.2,0.0,0.0,0.1516,413
222,227,EPKKVA,0.8217,-1.15,0.5,0.0,0.0,0.3443,0.4,0.4,0.0,0.0,0.2545,346
223,228,PKKVAV,1.0433,0.1333,0.6667,0.0,0.0,0.6015,0.6484,0.6,0.0,0.0,0.4716,115
224,229,KKVAVV,1.235,1.1,0.6667,0.0,0.0,0.824,0.8355,0.6,0.0,0.0,0.6091,26
225,230,KVAVVR,1.2667,1.0,0.6667,0.0,0.0,0.8607,0.8161,0.6,0.0,0.0,0.6165,23
226,231,VAVVRT,1.3417,1.5333,0.8333,0.0,0.2857,0.9478,0.9194,0.8,0.0,0.2857,0.7797,5
227,232,AVVRTP,1.15,0.5667,0.8333,0.0,0.0,0.7253,0.7323,0.8,0.0,0.0,0.5904,32
228,233,VVRTPP,1.1033,0.0,0.8333,0.0,0.0,0.6712,0.6226,0.8,0.0,0.0,0.5375,60
229,234,VRTPPK,0.9433,-1.35,0.6667,0.0,0.1429,0.4855,0.3613,0.6,0.0,0.1429,0.3685,224
230,235,RTPPKS,0.785,-2.1833,0.6667,0.0,0.0,0.3017,0.2,0.6,0.0,0.0,0.227,370
231,236,TPPKSP,0.7217,-1.7,0.8333,0.0,0.0,0.2282,0.2935,0.8,0.0,0.0,0.277,325
232,237,PPKSPS,0.6483,-1.7167,0.8333,0.0,0.0,0.1431,0.2903,0.8,0.0,0.0,0.2451,353
233,238,PKSPSS,0.6817,-1.5833,0.8333,0.0,0.0,0.1818,0.3161,0.8,0.0,0.0,0.267,334
234,239,KSPSSA,0.7283,-1.0167,0.8333,0.0,0.0,0.236,0.4258,0.8,0.0,0.0,0.3199,271
235,240,SPSSAK,0.7283,-1.0167,0.8333,0.0,0.0,0.236,0.4258,0.8,0.0,0.0,0.3199,272
236,241,PSSAKS,0.7283,-1.0167,0.8333,0.0,0.0,0.236,0.4258,0.8,0.0,0.0,0.3199,273
237,242,SSAKSR,0.7917,-1.5,0.6667,0.0,0.0,0.3095,0.3323,0.6,0.0,0.0,0.2698,332
238,243,SAKSRL,0.8833,-0.7333,0.6667,0.0,0.0,0.4159,0.4806,0.6,0.0,0.0,0.3534,238
239,244,AKSRLQ,0.9417,-1.1833,0.6667,0.0,0.0,0.4836,0.3935,0.6,0.0,0.0,0.3516,244
240,245,KSRLQT,1.0017,-1.6,0.6667,0.0,0.0,0.5532,0.3129,0.6,0.0,0.0,0.3525,241
241,246,SRLQTA,1.0167,-0.65,0.8333,0.0,0.0,0.5706,0.4968,0.8,0.0,0.0,0.4629,124
242,247,RLQTAP,0.9833,-0.7833,0.8333,0.0,0.0,0.5319,0.471,0.8,0.0,0.0,0.4411,149
243,248,LQTAPV,1.1117,0.6667,1.0,0.0,0.0,0.6809,0.7516,1.0,0.0,0.0,0.6285,21
244,249,QTAPVP,0.9867,-0.2333,1.0,0.0,0.0,0.5358,0.5774,1.0,0.0,0.0,0.5231,67
245,250,TAPVPM,0.9783,0.6667,1.0,0.0,0.0,0.5261,0.7516,1.0,0.0,0.0,0.5723,39
246,251,APVPMP,0.8717,0.5167,1.0,0.0,0.0,0.4023,0.7226,1.0,0.0,0.0,0.5186,73
247,252,PVPMPD,0.8233,-0.3667,0.8333,0.0,0.0,0.3462,0.5516,0.8,0.0,0.0,0.398,193
248,253,VPMPDL,0.9483,0.5333,0.8333,0.0,0.0,0.4913,0.7258,0.8,0.0,0.0,0.5034,90
249,254,PMPDLK,0.7883,-0.8167,0.6667,0.0,0.0,0.3056,0.4645,0.6,0.0,0.0,0.3085,287
250,255,MPDLKN,0.845,-1.1333,0.6667,0.0,0.0,0.3714,0.4032,0.6,0.0,0.0,0.3138,280
251,256,PDLKNV,0.9533,-0.75,0.6667,0.0,0.0357,0.4971,0.4774,0.6,0.0,0.0357,0.3884,208
252,257,DLKNVK,0.985,-1.1333,0.5,0.0,0.0,0.5338,0.4032,0.4,0.0,0.0,0.3244,268
253,258,LKNVKS,1.02,-0.6833,0.6667,0.0,0.0714,0.5745,0.4903,0.6,0.0,0.0714,0.4269,168
254,259,KNVKSK,0.9267,-1.9667,0.5,0.0,0.1429,0.4662,0.2419,0.4,0.0,0.1429,0.2769,326
255,260,NVKSKI,1.07,-0.5667,0.6667,0.0,0.0,0.6325,0.5129,0.6,0.0,0.0,0.4418,147
256,261,VKSKIG,1.0467,-0.05,0.6667,0.0,0.0,0.6054,0.6129,0.6,0.0,0.0,0.4623,125
257,262,KSKIGS,0.8883,-0.8833,0.6667,0.0,0.0,0.4217,0.4516,0.6,0.0,0.0,0.3467,250
258,263,SKIGST,0.9633,-0.35,0.8333,0.0,0.0,0.5087,0.5548,0.8,0.0,0.0,0.458,130
259,264,KIGSTE,0.9,-0.8,0.6667,0.0,0.0,0.4352,0.4677,0.6,0.0,0.0,0.3565,233
260,265,IGSTEN,0.925,-0.7333,0.8333,0.0,0.0,0.4642,0.4806,0.8,0.0,0.0,0.4194,173
261,266,GSTENL,0.875,-0.85,0.8333,0.0,0.0,0.4062,0.4581,0.8,0.0,0.0,0.3915,201
262,267,STENLK,0.8733,-1.4333,0.6667,0.0,0.0,0.4043,0.3452,0.6,0.0,0.0,0.3082,288
263,268,TENLKH,0.8933,-1.8333,0.5,0.0,0.0,0.4275,0.2677,0.4,0.0,0.0,0.2447,355
264,269,ENLKHQ,0.8783,-2.3,0.5,0.0,0.0345,0.4101,0.1774,0.4,0.0,0.0345,0.2173,377
265,270,NLKHQP,0.9083,-1.9833,0.6667,0.0,0.0,0.4449,0.2387,0.6,0.0,0.0,0.2907,311
266,271,LKHQPG,0.885,-1.4667,0.6667,0.0,0.0,0.4178,0.3387,0.6,0.0,0.0,0.3111,284
267,272,KHQPGG,0.7933,-2.1667,0.6667,0.0,0.0,0.3114,0.2032,0.6,0.0,0.0,0.2315,367
268,273,HQPGGG,0.795,-1.5833,0.8333,0.0,0.0,0.3133,0.3161,0.8,0.0,0.0,0.3148,277
269,274,QPGGGK,0.7733,-1.7,0.8333,0.0,0.0,0.2882,0.2935,0.8,0.0,0.0,0.2988,299
270,275,PGGGKV,0.8733,-0.4167,0.8333,0.0,0.0,0.4043,0.5419,0.8,0.0,0.0,0.4162,175
271,276,GGGKVQ,0.965,-0.7333,0.8333,0.0,0.0,0.5106,0.4806,0.8,0.0,0.0,0.4363,155
272,277,GGKVQI,1.1067,0.0833,0.8333,0.0,0.0,0.675,0.6387,0.8,0.0,0.0,0.5438,51
273,278,GKVQII,1.2483,0.9,0.8333,0.0,0.0,0.8395,0.7968,0.8,0.0,0.0,0.6514,16
274,279,KVQIIN,1.2717,0.3833,0.8333,0.0,0.0,0.8665,0.6968,0.8,0.0,0.0,0.631,20
275,280,VQIINK,1.2717,0.3833,0.8333,0.0,1.0,0.8665,0.6968,0.8,0.0,1.0,0.8126,3
276,281,QIINKK,1.1117,-0.9667,0.6667,0.0,0.0357,0.6809,0.4355,0.6,0.0,0.0357,0.4425,145
277,282,IINKKL,1.145,0.25,0.6667,0.0,0.0,0.7195,0.671,0.6,0.0,0.0,0.5213,69
278,283,INKKLD,0.9683,-1.0833,0.5,0.0,0.0,0.5145,0.4129,0.4,0.0,0.0,0.3203,269
279,284,NKKLDL,0.9183,-1.2,0.5,0.0,0.0,0.4565,0.3903,0.4,0.0,0.0,0.2924,306
280,285,KKLDLS,0.895,-0.75,0.5,0.0,0.0,0.4294,0.4774,0.4,0.0,0.0,0.3089,285
281,286,KLDLSN,0.92,-0.6833,0.6667,0.0,0.0,0.4584,0.4903,0.6,0.0,0.0,0.3718,222
282,287,LDLSNV,1.08,0.6667,0.8333,0.0,0.1786,0.6441,0.7516,0.8,0.0,0.1786,0.5992,28
283,288,DLSNVQ,1.0467,-0.55,0.8333,0.0,0.0,0.6054,0.5161,0.8,0.0,0.0,0.4814,110
284,289,LSNVQS,1.0817,-0.1,1.0,0.0,0.0357,0.646,0.6032,1.0,0.0,0.0357,0.5775,36
285,290,SNVQSK,0.9883,-1.3833,0.8333,0.0,0.1429,0.5377,0.3548,0.8,0.0,0.1429,0.434,157
286,291,NVQSKC,1.0617,-0.8333,0.8333,0.0,0.0,0.6228,0.4613,0.8,0.0,0.0,0.4711,116
287,292,VQSKCG,1.0383,-0.3167,0.8333,0.0,0.0345,0.5957,0.5613,0.8,0.0,0.0345,0.4978,92
288,293,QSKCGS,0.88,-1.15,0.8333,0.0,0.0,0.412,0.4,0.8,0.0,0.0,0.376,219
289,294,SKCGSK,0.82,-1.2167,0.6667,0.0,0.0,0.3424,0.3871,0.6,0.0,0.0,0.2984,301
290,295,KCGSKD,0.785,-1.6667,0.5,0.0,0.0,0.3017,0.3,0.4,0.0,0.0,0.2088,383
291,296,CGSKDN,0.81,-1.6,0.6667,0.0,0.0,0.3308,0.3129,0.6,0.0,0.0,0.2717,330
292,297,GSKDNI,0.8783,-1.2667,0.6667,0.0,0.0,0.4101,0.3774,0.6,0.0,0.0,0.32,270
293,298,SKDNIK,0.8767,-1.85,0.5,0.0,0.0,0.4081,0.2645,0.4,0.0,0.0,0.2367,363
294,299,KDNIKH,0.8967,-2.25,0.3333,0.0,0.0,0.4313,0.1871,0.2,0.0,0.0,0.1733,401
295,300,DNIKHV,1.0567,-0.9,0.5,0.0,0.0,0.617,0.4484,0.4,0.0,0.0,0.3683,225
296,301,NIKHVP,1.0583,-0.5833,0.6667,0.0,0.0,0.619,0.5097,0.6,0.0,0.0,0.436,156
297,302,IKHVPG,1.035,-0.0667,0.6667,0.0,0.0,0.5919,0.6097,0.6,0.0,0.0,0.4564,132
298,303,KHVPGG,0.8933,-0.8833,0.6667,0.0,0.0,0.4275,0.4516,0.6,0.0,0.0,0.3488,248
299,304,HVPGGG,0.895,-0.3,0.8333,0.0,0.0,0.4294,0.5645,0.8,0.0,0.0,0.4321,159
300,305,VPGGGS,0.875,0.1,1.0,0.0,0.0,0.4062,0.6419,1.0,0.0,0.0,0.4956,94
301,306,PGGGSV,0.875,0.1,1.0,0.0,0.0,0.4062,0.6419,1.0,0.0,0.0,0.4956,95
302,307,GGGSVQ,0.9667,-0.2167,1.0,0.0,0.0,0.5126,0.5806,1.0,0.0,0.0,0.5157,75
303,308,GGSVQI,1.1083,0.6,1.0,0.0,0.0,0.677,0.7387,1.0,0.0,0.0,0.6232,22
304,309,GSVQIV,1.2667,1.3667,1.0,0.0,0.0,0.8607,0.8871,1.0,0.0,0.0,0.7349,8
305,310,SVQIVY,1.3867,1.2167,1.0,0.1667,0.0,1.0,0.8581,1.0,1.0,0.0,0.8978,2
306,311,VQIVYK,1.385,0.7,0.8333,0.1667,1.0,0.9981,0.7581,0.8,1.0,1.0,1.0,1
307,312,QIVYKP,1.1933,-0.2667,0.8333,0.1667,0.0,0.7756,0.571,0.8,1.0,0.0,0.6809,15
308,313,IVYKPV,1.2933,1.0167,0.8333,0.1667,0.0,0.8917,0.8194,0.8,1.0,0.0,0.7983,4
309,314,VYKPVD,1.1167,-0.3167,0.6667,0.1667,0.0,0.6867,0.5613,0.6,1.0,0.0,0.5973,29
310,315,YKPVDL,1.05,-0.3833,0.6667,0.1667,0.0,0.6093,0.5484,0.6,1.0,0.0,0.5652,42
311,316,KPVDLS,0.93,-0.3,0.6667,0.0,0.0,0.47,0.5645,0.6,0.0,0.0,0.3985,191
312,317,PVDLSK,0.93,-0.3,0.6667,0.0,0.0357,0.47,0.5645,0.6,0.0,0.0357,0.4049,186
313,318,VDLSKV,1.1217,0.6667,0.6667,0.0,0.0714,0.6925,0.7516,0.6,0.0,0.0714,0.5489,47
314,319,DLSKVT,1.0367,-0.15,0.6667,0.0,0.0,0.5938,0.5935,0.6,0.0,0.0,0.4522,137
315,320,LSKVTS,1.0717,0.3,0.8333,0.0,0.0357,0.6344,0.6806,0.8,0.0,0.0357,0.5482,48
316,321,SKVTSK,0.9783,-0.9833,0.6667,0.0,0.25,0.5261,0.4323,0.6,0.0,0.25,0.4242,171
317,322,KVTSKC,1.0517,-0.4333,0.6667,0.0,0.0,0.6112,0.5387,0.6,0.0,0.0,0.4419,146
318,323,VTSKCG,1.0533,0.15,0.8333,0.0,0.0,0.6132,0.6516,0.8,0.0,0.0,0.5252,65
319,324,TSKCGS,0.895,-0.6833,0.8333,0.0,0.0,0.4294,0.4903,0.8,0.0,0.0,0.4097,180
320,325,SKCGSL,0.9133,0.0667,0.8333,0.0,0.0,0.4507,0.6355,0.8,0.0,0.0,0.4613,126
321,326,KCGSLG,0.9133,0.1333,0.8333,0.0,0.0,0.4507,0.6484,0.8,0.0,0.0,0.4652,120
322,327,CGSLGN,0.9383,0.2,1.0,0.0,0.0,0.4797,0.6613,1.0,0.0,0.0,0.5281,63
323,328,GSLGNI,1.0067,0.5333,1.0,0.0,0.0,0.559,0.7258,1.0,0.0,0.0,0.5765,37
324,329,SLGNIH,1.0267,0.0667,0.8333,0.0,0.0,0.5822,0.6355,0.8,0.0,0.0,0.5091,85
325,330,LGNIHH,1.0467,-0.3333,0.6667,0.0,0.0,0.6054,0.5581,0.6,0.0,0.0,0.4457,143
326,331,GNIHHK,0.9533,-1.6167,0.5,0.0,0.1724,0.4971,0.3097,0.4,0.0,0.1724,0.314,279
327,332,NIHHKP,0.92,-1.8167,0.5,0.0,0.0,0.4584,0.271,0.4,0.0,0.0,0.2569,342
328,333,IHHKPG,0.8967,-1.3,0.5,0.0,0.0,0.4313,0.371,0.4,0.0,0.0,0.2774,323
329,334,HHKPGG,0.755,-2.1167,0.5,0.0,0.0,0.2669,0.2129,0.4,0.0,0.0,0.1698,403
330,335,HKPGGG,0.735,-1.65,0.6667,0.0,0.0,0.2437,0.3032,0.6,0.0,0.0,0.2372,361
331,336,KPGGGQ,0.7733,-1.7,0.8333,0.0,0.0,0.2882,0.2935,0.8,0.0,0.0,0.2988,300
332,337,PGGGQV,0.9333,-0.35,1.0,0.0,0.0,0.4739,0.5548,1.0,0.0,0.0,0.4938,98
333,338,GGGQVE,0.9033,-0.6667,0.8333,0.0,0.0,0.4391,0.4935,0.8,0.0,0.0,0.4142,177
334,339,GGQVEV,1.0617,0.1,0.8333,0.0,0.0,0.6228,0.6419,0.8,0.0,0.0,0.5258,64
335,340,GQVEVK,1.06,-0.4833,0.6667,0.0,0.2414,0.6209,0.529,0.6,0.0,0.2414,0.4864,104
336,341,QVEVKS,1.06,-0.55,0.6667,0.0,0.0,0.6209,0.5161,0.6,0.0,0.0,0.4386,153
337,342,VEVKSE,0.9383,-0.55,0.5,0.0,0.2857,0.4797,0.5161,0.4,0.0,0.2857,0.3908,205
338,343,EVKSEK,0.7783,-1.9,0.3333,0.0,0.0,0.294,0.2548,0.2,0.0,0.0,0.1439,416
339,344,VKSEKL,0.9333,-0.6833,0.5,0.0,0.0,0.4739,0.4903,0.4,0.0,0.0,0.329,262
340,345,KSEKLD,0.74,-1.9667,0.3333,0.0,0.0,0.2495,0.2419,0.2,0.0,0.0,0.1238,424
341,346,SEKLDF,0.8467,-0.85,0.5,0.1667,0.0,0.3733,0.4581,0.4,1.0,0.0,0.4037,187
342,347,EKLDFK,0.845,-1.3667,0.3333,0.1667,0.2069,0.3714,0.3581,0.2,1.0,0.2069,0.3619,228
343,348,KLDFKD,0.8733,-1.3667,0.3333,0.1667,0.0,0.4043,0.3581,0.2,1.0,0.0,0.3363,257
344,349,LDFKDR,0.905,-1.4667,0.3333,0.1667,0.0357,0.441,0.3387,0.2,1.0,0.0357,0.3503,246
345,350,DFKDRV,0.9717,-1.4,0.3333,0.1667,0.0,0.5184,0.3516,0.2,1.0,0.0,0.3758,220
346,351,FKDRVQ,1.065,-1.4,0.5,0.1667,0.0,0.6267,0.3516,0.4,1.0,0.0,0.4636,122
347,352,KDRVQS,0.96,-2.0,0.5,0.0,0.0,0.5048,0.2355,0.4,0.0,0.0,0.2631,336
348,353,DRVQSK,0.96,-2.0,0.5,0.0,0.1429,0.5048,0.2355,0.4,0.0,0.1429,0.289,313
349,354,RVQSKI,1.1367,-0.6667,0.6667,0.0,0.0,0.7099,0.4935,0.6,0.0,0.0,0.4641,121
350,355,VQSKIG,1.1067,0.0167,0.8333,0.0,0.069,0.675,0.6258,0.8,0.0,0.069,0.5524,45
351,356,QSKIGS,0.9483,-0.8167,0.8333,0.0,0.0,0.4913,0.4645,0.8,0.0,0.0,0.4243,170
352,357,SKIGSL,0.9817,0.4,0.8333,0.0,0.0,0.53,0.7,0.8,0.0,0.0,0.5097,83
353,358,KIGSLD,0.9467,-0.05,0.6667,0.0,0.0,0.4894,0.6129,0.6,0.0,0.0,0.4201,172
354,359,IGSLDN,0.9717,0.0167,0.8333,0.0,0.0714,0.5184,0.6258,0.8,0.0,0.0714,0.496,93
355,360,GSLDNI,0.9717,0.0167,0.8333,0.0,0.0,0.5184,0.6258,0.8,0.0,0.0,0.483,107
356,361,SLDNIT,1.045,-0.0333,0.8333,0.0,0.0,0.6035,0.6161,0.8,0.0,0.0,0.511,80
357,362,LDNITH,1.065,-0.4333,0.6667,0.0,0.0357,0.6267,0.5387,0.6,0.0,0.0357,0.454,135
358,363,DNITHV,1.1317,-0.3667,0.6667,0.0,0.0345,0.7041,0.5516,0.6,0.0,0.0345,0.4858,105
359,364,NITHVP,1.1333,-0.05,0.8333,0.0,0.0,0.706,0.6129,0.8,0.0,0.0,0.5473,50
360,365,ITHVPG,1.11,0.4667,0.8333,0.0,0.0,0.6789,0.7129,0.8,0.0,0.0,0.5677,40
361,366,THVPGG,0.9683,-0.35,0.8333,0.0,0.0,0.5145,0.5548,0.8,0.0,0.0,0.4601,129
362,367,HVPGGG,0.895,-0.3,0.8333,0.0,0.0,0.4294,0.5645,0.8,0.0,0.0,0.4321,160
363,368,VPGGGN,0.8983,-0.35,1.0,0.0,0.0,0.4333,0.5548,1.0,0.0,0.0,0.479,111
364,369,PGGGNK,0.7383,-1.7,0.8333,0.0,0.0,0.2476,0.2935,0.8,0.0,0.0,0.2841,319
365,370,GGGNKK,0.77,-2.0833,0.6667,0.0,0.0,0.2843,0.2194,0.6,0.0,0.0,0.2265,371
366,371,GGNKKI,0.9117,-1.2667,0.6667,0.0,0.0,0.4487,0.3774,0.6,0.0,0.0,0.3341,259
367,372,GNKKIE,0.8483,-1.7833,0.5,0.0,0.0,0.3752,0.2774,0.4,0.0,0.0,0.2287,368
368,373,NKKIET,0.9217,-1.8333,0.5,0.0,0.0,0.4603,0.2677,0.4,0.0,0.0,0.2567,343
369,374,KKIETH,0.9183,-1.7833,0.3333,0.0,0.0,0.4565,0.2774,0.2,0.0,0.0,0.2098,381
370,375,KIETHK,0.9183,-1.7833,0.3333,0.0,0.0,0.4565,0.2774,0.2,0.0,0.0,0.2098,382
371,376,IETHKL,1.0117,-0.5,0.5,0.0,0.0,0.5648,0.5258,0.4,0.0,0.0,0.3727,221
372,377,ETHKLT,0.9433,-1.3667,0.5,0.0,0.0,0.4855,0.3581,0.4,0.0,0.0,0.2931,303
373,378,THKLTF,1.1117,-0.3167,0.6667,0.1667,0.0,0.6809,0.5613,0.6,1.0,0.0,0.5951,30
374,379,HKLTFR,1.0683,-0.95,0.5,0.1667,0.1724,0.6306,0.4387,0.4,1.0,0.1724,0.5227,68
375,380,KLTFRE,0.985,-1.0,0.5,0.1667,0.0,0.5338,0.429,0.4,1.0,0.0,0.4533,136
376,381,LTFREN,1.01,-0.9333,0.6667,0.1667,0.0,0.5629,0.4419,0.6,1.0,0.0,0.5162,74
377,382,TFRENA,0.9317,-1.2667,0.6667,0.1667,0.0,0.472,0.3774,0.6,1.0,0.0,0.4636,123
378,383,FRENAK,0.8567,-1.8,0.5,0.1667,0.0,0.3849,0.2742,0.4,1.0,0.0,0.3523,242
379,384,RENAKA,0.765,-1.9667,0.5,0.0,0.0,0.2785,0.2419,0.4,0.0,0.0,0.1828,392
380,385,ENAKAK,0.7333,-1.8667,0.5,0.0,0.0,0.2418,0.2613,0.4,0.0,0.0,0.1753,399
381,386,NAKAKT,0.87,-1.4,0.6667,0.0,0.0,0.4004,0.3516,0.6,0.0,0.0,0.3087,286
382,387,AKAKTD,0.8117,-1.4,0.5,0.0,0.0,0.3327,0.3516,0.4,0.0,0.0,0.2357,365
383,388,KAKTDH,0.8183,-2.2333,0.3333,0.0,0.0,0.3404,0.1903,0.2,0.0,0.0,0.1412,419
384,389,AKTDHG,0.82,-1.65,0.5,0.0,0.0,0.3424,0.3032,0.4,0.0,0.0,0.2246,373
385,390,KTDHGA,0.82,-1.65,0.5,0.0,0.0,0.3424,0.3032,0.4,0.0,0.0,0.2246,374
386,391,TDHGAE,0.7583,-1.5833,0.5,0.0,0.0,0.2708,0.3161,0.4,0.0,0.0,0.2025,387
387,392,DHGAEI,0.8267,-0.7167,0.5,0.0,0.0,0.3501,0.4839,0.4,0.0,0.0,0.282,321
388,393,HGAEIV,1.02,0.5667,0.6667,0.0,0.0,0.5745,0.7323,0.6,0.0,0.0,0.4872,101
389,394,GAEIVY,1.12,0.8833,0.8333,0.1667,0.0,0.6905,0.7935,0.8,1.0,0.0,0.7174,9
390,395,AEIVYK,1.1183,0.3,0.6667,0.1667,0.7586,0.6886,0.6806,0.6,1.0,0.7586,0.7719,6
391,396,EIVYKS,1.105,-0.1333,0.6667,0.1667,0.0,0.6731,0.5968,0.6,1.0,0.0,0.6031,27
392,397,IVYKSP,1.135,0.1833,0.8333,0.1667,0.0,0.7079,0.6581,0.8,1.0,0.0,0.6827,14
393,398,VYKSPV,1.1517,0.1333,0.8333,0.1667,0.0,0.7273,0.6484,0.8,1.0,0.0,0.6868,11
394,399,YKSPVV,1.1517,0.1333,0.8333,0.1667,0.0,0.7273,0.6484,0.8,1.0,0.0,0.6868,12
395,400,KSPVVS,1.0317,0.2167,0.8333,0.0,0.0,0.588,0.6645,0.8,0.0,0.0,0.52,71
396,401,SPVVSG,1.0333,0.8,1.0,0.0,0.0714,0.5899,0.7774,1.0,0.0,0.0714,0.6163,24
397,402,PVVSGD,0.9983,0.35,0.8333,0.0,0.0,0.5493,0.6903,0.8,0.0,0.0,0.5138,77
398,403,VVSGDT,1.105,0.5,0.8333,0.0,0.0,0.6731,0.7194,0.8,0.0,0.0,0.5675,41
399,404,VSGDTS,0.9467,-0.3333,0.8333,0.0,0.0,0.4894,0.5581,0.8,0.0,0.0,0.452,138
400,405,SGDTSP,0.755,-1.3,0.8333,0.0,0.0,0.2669,0.371,0.8,0.0,0.0,0.3145,278
401,406,GDTSPR,0.785,-1.9167,0.6667,0.0,0.0,0.3017,0.2516,0.6,0.0,0.0,0.2426,357
402,407,DTSPRH,0.805,-2.3833,0.5,0.0,0.0,0.325,0.1613,0.4,0.0,0.0,0.1753,400
403,408,TSPRHL,0.9317,-1.1667,0.6667,0.0,0.0,0.472,0.3968,0.6,0.0,0.0,0.3484,249
404,409,SPRHLS,0.8583,-1.1833,0.6667,0.0,0.0,0.3868,0.3935,0.6,0.0,0.0,0.3165,275
405,410,PRHLSN,0.8817,-1.6333,0.6667,0.0,0.0,0.4139,0.3065,0.6,0.0,0.0,0.3,297
406,411,RHLSNV,1.0733,-0.6667,0.6667,0.0,0.0357,0.6364,0.4935,0.6,0.0,0.0357,0.4439,144
407,412,HLSNVS,1.0433,-0.05,0.8333,0.0,0.0,0.6015,0.6129,0.8,0.0,0.0,0.5093,84
408,413,LSNVSS,1.0233,0.35,1.0,0.0,0.0714,0.5783,0.6903,1.0,0.0,0.0714,0.5857,33
409,414,SNVSST,1.005,-0.4,1.0,0.0,0.0,0.5571,0.5452,1.0,0.0,0.0,0.5211,70
410,415,NVSSTG,1.005,-0.3333,1.0,0.0,0.0,0.5571,0.5581,1.0,0.0,0.0,0.525,66
411,416,VSSTGS,0.9817,0.1167,1.0,0.0,0.0357,0.53,0.6452,1.0,0.0,0.0357,0.548,49
412,417,SSTGSI,0.965,0.1667,1.0,0.0,0.0,0.5106,0.6548,1.0,0.0,0.0,0.5374,61
413,418,STGSID,0.93,-0.2833,0.8333,0.0,0.0,0.47,0.5677,0.8,0.0,0.0,0.4479,140
414,419,TGSIDM,0.98,0.1667,0.8333,0.0,0.0,0.528,0.6548,0.8,0.0,0.0,0.4953,96
415,420,GSIDMV,1.065,0.9833,0.8333,0.0,0.0,0.6267,0.8129,0.8,0.0,0.0,0.579,35
416,421,SIDMVD,1.03,0.4667,0.6667,0.0,0.0,0.5861,0.7129,0.6,0.0,0.0,0.4855,106
417,422,IDMVDS,1.03,0.4667,0.6667,0.0,0.2857,0.5861,0.7129,0.6,0.0,0.2857,0.5374,62
418,423,DMVDSP,0.855,-0.55,0.6667,0.0,0.0,0.383,0.5161,0.6,0.0,0.0,0.3522,243
419,424,MVDSPQ,0.9483,-0.55,0.8333,0.0,0.0,0.4913,0.5161,0.8,0.0,0.0,0.44,152
420,425,VDSPQL,0.99,-0.2333,0.8333,0.0,0.0,0.5397,0.5774,0.8,0.0,0.0,0.4761,112
421,426,DSPQLA,0.845,-0.6333,0.8333,0.0,0.0,0.3714,0.5,0.8,0.0,0.0,0.3915,202
422,427,SPQLAT,0.9533,-0.1667,1.0,0.0,0.0,0.4971,0.5903,1.0,0.0,0.0,0.513,78
423,428,PQLATL,1.045,0.6,1.0,0.0,0.0714,0.6035,0.7387,1.0,0.0,0.0714,0.6095,25
424,429,QLATLA,1.0917,1.1667,1.0,0.0,0.0,0.6576,0.8484,1.0,0.0,0.0,0.6494,18
425,430,LATLAD,0.9983,1.1667,0.8333,0.0,0.0,0.5493,0.8484,0.8,0.0,0.0,0.5616,44
426,431,ATLADE,0.8433,-0.05,0.6667,0.0,0.0714,0.3694,0.6129,0.6,0.0,0.0714,0.3895,207
427,432,TLADEV,0.9883,0.35,0.6667,0.0,0.0,0.5377,0.6903,0.6,0.0,0.0,0.4611,127
428,433,LADEVS,0.915,0.3333,0.6667,0.0,0.0,0.4526,0.6871,0.6,0.0,0.0,0.4292,165
429,434,ADEVSA,0.8367,0.0,0.6667,0.0,0.0,0.3617,0.6226,0.6,0.0,0.0,0.3767,218
430,435,DEVSAS,0.8233,-0.4333,0.6667,0.0,0.0,0.3462,0.5387,0.6,0.0,0.0,0.3457,252
431,436,EVSASL,0.95,0.7833,0.8333,0.0,0.0,0.4932,0.7742,0.8,0.0,0.0,0.5188,72
432,437,VSASLA,1.0267,1.6667,1.0,0.0,0.0,0.5822,0.9452,1.0,0.0,0.0,0.6513,17
433,438,SASLAK,0.8667,0.3167,0.8333,0.0,0.0,0.3965,0.6839,0.8,0.0,0.0,0.4563,133
434,439,ASLAKQ,0.925,-0.1333,0.8333,0.0,0.0714,0.4642,0.5968,0.8,0.0,0.0714,0.4675,119
435,440,SLAKQG,0.9117,-0.5,0.8333,0.0,0.0,0.4487,0.5258,0.8,0.0,0.0,0.4274,167
436,441,LAKQGL,1.0033,0.2667,0.8333,0.0,0.0,0.5551,0.6742,0.8,0.0,0.0,0.511,81
